TARGET_CLASS,configuration_id,criterion,ctg_min_time_per_job,ctg_schedule,search_budget,p_object_pool,ctg_time_per_class,Size,Length,Total_Time,Random_Seed,LineCoverage,LineCoverageBitString,BranchCoverage,BranchCoverageBitString,ExceptionCoverage,ExceptionCoverageBitString,Explicit_MethodExceptions,Explicit_TypeExceptions,Implicit_MethodExceptions,Implicit_TypeExceptions,WeakMutationScore,WeakMutationCoverageBitString,OutputCoverage,OutputCoverageBitString,MethodCoverage,MethodCoverageBitString,MethodNoExceptionCoverage,MethodNoExceptionCoverageBitString,CBranchCoverage,CBranchCoverageBitString
traz_aqui.Gestor,default,LINE;BRANCH;EXCEPTION;WEAKMUTATION;OUTPUT;METHOD;METHODNOEXCEPTION;CBRANCH,1,BUDGET,178,0.3,3,74,201,196651,1609430667028,0.7244094488188977,1111111111111111100000000000110000111110111111000011111111111111111000000000000111111111111111111111111111111111111110001111111,0.875,1111011111111111111111111111111111110011111100001111111110111111,1.0,111111111111111111111111,0,0,24,2,0.5634266886326195,1111111111111111111111111111111111111111111111111111111111111111111111111111111111111111111111111111111111111111111111111111111111111111111111111111111111111111111111111111111111111111111111111111111111111111111111111100000000000000000000000000000000000000111111111111111111111111111111111111111111111111111100000000000000000000000000000000000000000000000000000000000000000000000000000000000000000000000000000000000000000000000000000000000000000000000000000000000000000000000000000000000000000000000000000000000000000111111000000000000000000111111111111111111111111111111111111111111111111111111111111111111,0.45161290322580644,01001111011001000010001001101100110100100111001001001001000111,1.0,11111111111111111111111111111,0.8275862068965517,11100101111010111111111111111,0.875,1111011111111111111111111111111111110011111100001111111101111111
