TARGET_CLASS,configuration_id,criterion,ctg_min_time_per_job,ctg_schedule,search_budget,p_object_pool,ctg_time_per_class,Size,Length,Total_Time,Random_Seed,LineCoverage,LineCoverageBitString,BranchCoverage,BranchCoverageBitString,ExceptionCoverage,ExceptionCoverageBitString,Explicit_MethodExceptions,Explicit_TypeExceptions,Implicit_MethodExceptions,Implicit_TypeExceptions,WeakMutationScore,WeakMutationCoverageBitString,OutputCoverage,OutputCoverageBitString,MethodCoverage,MethodCoverageBitString,MethodNoExceptionCoverage,MethodNoExceptionCoverageBitString,CBranchCoverage,CBranchCoverageBitString
traz_aqui.Gestor,default,LINE;BRANCH;EXCEPTION;WEAKMUTATION;OUTPUT;METHOD;METHODNOEXCEPTION;CBRANCH,1,BUDGET,181,0.3,3,75,197,197115,1608423317868,0.7165354330708661,1111111111111111100000000000110000101110111111000011111111111111111000000000000111111111111111111111111111111111111110001111111,0.875,1111011111111111111111111111111111110011111100001111111110111111,1.0,111111111111111111111111,0,0,24,2,0.5634266886326195,1111111111111111111111111111111111111111111111111111111111111111111111111111111111111111111111111111111111111111111111111111111111111111111111111111111111111111111111111111111111111111111111111111111111111111111111111100000000000000000000000000000000000000111111111111111111111111111111111111111111111111111100000000000000000000000000000000000000000000000000000000000000000000000000000000000000000000000000000000000000000000000000000000000000000000000000000000000000000000000000000000000000000000000000000000000000000111111000000000000000000111111111111111111111111111111111111111111111111111111111111111111,0.3870967741935484,01001111011000000000000001101100110100100111001001001001000110,1.0,11111111111111111111111111111,0.7241379310344828,11100001110000111111111111111,0.875,1111011111111111111111111111111111110011111100001111111101111111
